,RF,NRBoost,MTMLP,SVM,ET
RF,1.0,0.8969767402610823,0.9089856048015387,0.8795607311207686,0.9483416580726314
NRBoost,0.8969767402610822,1.0,0.799681460622928,0.8364442169577896,0.8445472259792709
MTMLP,0.9089856048015387,0.7996814606229281,0.9999999999999999,0.8640416790188645,0.9088221930952319
SVM,0.8795607311207687,0.8364442169577896,0.8640416790188645,1.0,0.8837964199927174
ET,0.9483416580726314,0.8445472259792709,0.9088221930952318,0.8837964199927175,0.9999999999999999
