,RF,NRBoost,MTMLP,SVM,ET
RF,1.0,0.8969767402610821,0.9089856048015388,0.8795607311207689,0.9483416580726314
NRBoost,0.8969767402610821,1.0,0.7996814606229288,0.8364442169577904,0.8445472259792709
MTMLP,0.9089856048015389,0.7996814606229287,1.0,0.8640416790188654,0.9088221930952319
SVM,0.8795607311207689,0.8364442169577905,0.8640416790188654,0.9999999999999999,0.8837964199927175
ET,0.9483416580726313,0.844547225979271,0.9088221930952318,0.8837964199927176,1.0
