model,AUC,AUC_lo,AUC_hi,PR_AUC,PR_lo,PR_hi,F1,Bal_Acc,Brier,MCC,thr
ICM-Net (full),0.7659872868529917,0.7297420360480197,0.7994425902366762,0.30390761210337064,0.25276538395683096,0.36394322239781746,0.3895582329317269,0.6756196818349982,0.11114117942379857,0.2676912800116378,0.20000000000000004
ICM-Net −cascade,0.7649211314028185,0.7272434785921043,0.7985986323192971,0.3027057619960921,0.2528206997353876,0.3657577675427501,0.38242894056847543,0.6503514613392527,0.11078263741477617,0.260924973077711,0.21000000000000002
ICM-Net −SCE,0.7642417515891434,0.7272992091878592,0.7982724180618512,0.3004221673711871,0.25019391044775263,0.3631977747887692,0.38392857142857145,0.6618841018397067,0.11201353771837674,0.2588163461628271,0.20000000000000004
ICM-Net −Mixup,0.7567113981098444,0.7174361979754765,0.7916716716461004,0.29193900172590614,0.24085493312977593,0.3517144524158851,0.389937106918239,0.672131974573706,0.11281263778302814,0.26720925324204836,0.18000000000000002
