base,LR_bal_coef,LR_C10_coef,convex_weight
RF,0.2550683899321915,0.21731994718844436,0.012825634876144128
NRBoost,-0.0007259457747247013,0.0065021801783568,0.03261454823211048
MTMLP,0.5064839323739259,0.5540417801800651,0.01809371083403782
SVM,0.03714778714982893,0.030503796485532624,0.9364661060577076
ET,0.13181147272358665,0.0877204999805309,7.589415207398533e-19
