base,stack_LR_bal_coef,stack_LR_C10_coef,convex_weight,convex_weight_fold_mean,convex_weight_fold_std
RF,0.35387776574181296,0.309300228220749,0.029197976083952262,0.029518521296081485,0.007249190658431656
NRBoost,0.03393361865429925,0.0349204574638275,0.05944839518272946,0.059693105899746746,0.009941328001339554
MTMLP,0.35197419889473286,0.3950048004838001,8.207760132199572e-19,6.955090880582685e-19,1.3910181761165369e-18
SVM,-0.16628833034414428,-0.16329903437295415,0.9113536287333184,0.9107883728041719,0.008513675656833879
ET,0.42080735973449596,0.3811726943153354,0.0,2.4498425216570124e-18,3.0104008850202144e-18
