metric,point,lo,hi,threshold,threshold_name
AUC,0.7843709010190697,0.7496536346876628,0.815673659774846,,
Sensitivity,0.7295597484276729,0.6619155907668232,0.7987456519447665,0.135,Bal-Acc-optimal
Specificity,0.6983957219251337,0.6705839368012936,0.726794129196937,0.135,Bal-Acc-optimal
Sensitivity,0.6792452830188679,0.6089673913043477,0.7500378787878788,0.185,F1-optimal
Specificity,0.7422459893048128,0.716155483311063,0.7686731027402669,0.185,F1-optimal
