{
  "cv_auc": 0.7608804479934953,
  "test_auc_raw": 0.7669054585813742,
  "test_auc_calibrated": 0.7659872868529917,
  "delong_vs_top": {
    "baseline": "ICM-Net −Mixup",
    "AUC_ICM": 0.7659872868529917,
    "AUC_baseline": 0.7567113981098442,
    "ΔAUC": 0.009275888743147442,
    "z": 2.4971814842127316,
    "p_value": 0.01251848703586278,
    "significant_05": true
  },
  "feat_cols": [
    "性别",
    "高校类型",
    "专业类型",
    "家庭所在地",
    "收入水平",
    "工作匹配度",
    "工作单位性质",
    "工作区域",
    "工作满意度",
    "工作机会",
    "工作氛围",
    "工作压力"
  ],
  "hyperparams": {
    "alpha_mix": 0.2,
    "sce_alpha": 0.5,
    "sce_beta": 0.5,
    "lam_bin": 0.7,
    "lam_ord": 0.3,
    "epochs_s1": 60,
    "epochs_s2": 120,
    "epochs_s3": 120
  }
}